type_check_failed,error_msgs
False,
False,
False,
False,
False,
False,
False,
False,
False,
True,"File ""dummpy_input_file"", line 5, in addTokenizedMessage: unsupported operand type(s) for item retrieval: 'ind: int' and '1: int' [unsupported-operands]"
False,
False,
False,
False,
False,
False,
False,
False,
False,
False,
False,
False,
False,
False,
False,
False,
False,
False,
False,
False,
False,
False,
False,
False,
False,
True,"File ""dummpy_input_file"", line 5, in __str__: Name 'res' is not defined [name-error]"
False,
False,
False,
False,
False,
False,
False,
False,
False,
False,
False,
False,
False,
False,
False,
False,
False,
False,
False,
False,
False,
True,"File ""dummpy_input_file"", line 24, in register_submit: Name 'new_user' is not defined [name-error]"
False,
False,
False,
False,
False,
False,
False,
False,
False,
True,"File ""dummpy_input_file"", line 9, in index: Name 'render' is not defined [name-error]"
False,
False,
False,
False,
False,
False,
False,
False,
False,
False,
False,
True,"File ""dummpy_input_file"", line 9, in extract_wp_db_defs: No attribute 'close' on str [attribute-error]"
False,
False,
False,
True,"File ""dummpy_input_file"", line 6, in database_selected: Name 'dbname' is not defined [name-error]"
False,
False,
False,
False,
False,
True,"File ""dummpy_input_file"", line 7, in csv_convert: No attribute 'append' on str [attribute-error]"
False,
False,
False,
False,
False,
False,
False,
False,
False,
False,
False,
False,
False,
False,
False,
False,
False,
False,
False,
False,
False,
False,
False,
False,
False,
False,
False,
False,
False,
True,"File ""dummpy_input_file"", line 4, in test_success: No attribute 'jsend_rh' on str [attribute-error]"
False,
False,
False,
True,"File ""dummpy_input_file"", line 6, in test_error: No attribute 'jsend_rh' on int [attribute-error]"
False,
False,
False,
False,
False,
False,
False,
False,
False,
False,
False,
False,
False,
True,"File ""dummpy_input_file"", line 5, in gen_submodule_names: Name 'modname' is not defined [name-error]"
False,
False,
False,
False,
False,
False,
False,
False,
False,
False,
False,
False,
False,
False,
False,
False,
False,
False,
False,
False,
False,
False,
False,
False,
False,
False,
False,
False,
False,
False,
False,
False,
False,
False,
False,
False,
True,"File ""dummpy_input_file"", line 10, in authenticate: Name 'password' is not defined [name-error]"
False,
False,
False,
False,
False,
False,
False,
False,
False,
False,
False,
False,
False,
False,
False,
False,
False,
False,
False,
False,
False,
False,
False,
False,
False,
False,
False,
False,
False,
True,"File ""dummpy_input_file"", line 7, in faq_list: Name 'args' is not defined [name-error]"
False,
False,
False,
False,
False,
True,"File ""dummpy_input_file"", line 4, in print_records: Name 'sorted_ls' is not defined [name-error]"
False,
False,
False,
False,
False,
False,
False,
False,
False,
False,
False,
False,
False,
False,
False,
False,
False,
False,
False,
False,
False,
True,"File ""dummpy_input_file"", line 8, in __init__: Can't assign attribute 'k' on Dict[str, Any] [not-writable]"
False,
False,
False,
False,
False,
False,
False,
False,
False,
False,
False,
False,
False,
False,
False,
True,"File ""dummpy_input_file"", line 29, in next: No attribute 'single_block' on BinaryIO [attribute-error]"
False,
False,
False,
False,
False,
True,"File ""dummpy_input_file"", line 3, in __init__: Can't assign attribute 'data_dir' on Dict[str, Any] [not-writable]"
False,
False,
False,
False,
False,
False,
False,
False,
False,
True,"File ""dummpy_input_file"", line 9, in __init__: Name 'X' is not defined [name-error]"
False,
False,
False,
False,
False,
False,
False,
False,
False,
False,
False,
False,
False,
False,
False,
False,
False,
True,"File ""dummpy_input_file"", line 6, in media_root_path: Name 'path' is not defined [name-error]"
False,
False,
False,
False,
False,
True,"File ""dummpy_input_file"", line 4, in pairwalk: Name 'b' is not defined [name-error]"
False,
False,
False,
False,
False,
False,
False,
False,
False,
False,
False,
False,
False,
False,
False,
False,
False,
False,
False,
False,
False,
False,
False,
False,
False,
True,"File ""dummpy_input_file"", line 8, in __pipe: No attribute '__build_git_cmd' on Dict[str, Any] [attribute-error]"
False,
False,
False,
False,
False,
False,
False,
False,
True,"File ""dummpy_input_file"", line 7, in __setitem__: No attribute '__max_size' on None [attribute-error]"
False,
False,
False,
True,"File ""dummpy_input_file"", line 4, in getInstance: No attribute '__inst' on bool [attribute-error]"
False,
False,
False,
False,
False,
True,"File ""dummpy_input_file"", line 6, in __rev_cache_sync: No attribute '__rev_cache' on bool [attribute-error]"
False,
True,"File ""dummpy_input_file"", line 18, in __rev_reuse: No attribute 'setdefault' on None [attribute-error]"
False,
True,"File ""dummpy_input_file"", line 6, in _get_branches: No attribute 'startswith' on List[nothing] [attribute-error]"
False,
False,
False,
False,
False,
False,
False,
False,
False,
False,
False,
False,
False,
False,
False,
False,
False,
False,
False,
False,
False,
False,
False,
False,
False,
False,
False,
False,
False,
False,
False,
False,
False,
False,
False,
False,
False,
False,
False,
True,"File ""dummpy_input_file"", line 3, in intersection_update: No attribute 'key' on tuple [attribute-error]
File ""dummpy_input_file"", line 3, in intersection_update: unsupported operand type(s) for +: list and tuple [unsupported-operands]"
False,
False,
False,
True,"File ""dummpy_input_file"", line 3, in difference_update: unsupported operand type(s) for +: list and tuple [unsupported-operands]
File ""dummpy_input_file"", line 3, in difference_update: No attribute 'key' on tuple [attribute-error]"
False,
False,
False,
True,"File ""dummpy_input_file"", line 5, in copy: Name 'copy' is not defined [name-error]"
False,
True,"File ""dummpy_input_file"", line 3, in sinter: No attribute 'key' on tuple [attribute-error]"
False,
False,
False,
False,
False,
False,
False,
False,
False,
False,
False,
False,
False,
False,
False,
False,
False,
False,
False,
False,
False,
False,
False,
False,
False,
False,
False,
False,
False,
False,
False,
False,
False,
False,
False,
False,
False,
False,
False,
False,
False,
True,"File ""dummpy_input_file"", line 4, in clone: Name 'defaults' is not defined [name-error]"
False,
False,
False,
False,
False,
False,
False,
False,
False,
False,
False,
False,
False,
False,
False,
False,
False,
False,
False,
False,
False,
False,
False,
False,
False,
False,
False,
False,
False,
False,
False,
False,
True,"File ""dummpy_input_file"", line 14, in test_can_flatten: No attribute 'generate_all' on str [attribute-error]"
False,
True,"File ""dummpy_input_file"", line 15, in test_flattener_fixes_nodes: No attribute 'content' on str [attribute-error]"
False,
True,"File ""dummpy_input_file"", line 5, in test_page_no_paginator: Name 'f' is not defined [name-error]"
False,
False,
False,
False,
False,
True,"File ""dummpy_input_file"", line 10, in make_expando: Name 'seq' is not defined [name-error]"
False,
False,
False,
False,
False,
False,
False,
False,
False,
False,
False,
False,
False,
False,
False,
False,
False,
False,
False,
True,"File ""dummpy_input_file"", line 6, in test_pages_of_one: No attribute 'deploy' on List[str] [attribute-error]"
False,
True,"File ""dummpy_input_file"", line 15, in test_pages_of_one_content: Name 'page1' is not defined [name-error]"
False,
False,
False,
True,"File ""dummpy_input_file"", line 4, in test_pages_of_ten_depends: Name 'depends' is not defined [name-error]"
False,
False,
False,
False,
False,
False,
False,
False,
False,
True,"File ""dummpy_input_file"", line 5, in test_expando_three_levels: No attribute 'a' on Dict[str, Union[Dict[str, Union[Dict[str, str], int]], int]] [attribute-error]"
False,
False,
False,
False,
False,
False,
False,
False,
False,
False,
False,
False,
False,
False,
False,
False,
False,
False,
False,
False,
False,
False,
False,
False,
False,
False,
False,
False,
False,
False,
False,
False,
False,
False,
False,
False,
False,
False,
False,
False,
False,
False,
False,
False,
False,
False,
False,
False,
False,
False,
False,
False,
False,
False,
False,
True,"File ""dummpy_input_file"", line 3, in save_persons: Name 'person' is not defined [name-error]"
False,
False,
False,
False,
False,
False,
False,
False,
False,
False,
False,
False,
False,
False,
False,
False,
False,
False,
False,
False,
False,
False,
False,
False,
False,
False,
False,
False,
False,
True,"File ""dummpy_input_file"", line 10, in add_layer: No attribute 'input_dim' on int [attribute-error]"
False,
False,
False,
False,
False,
False,
False,
False,
False,
False,
False,
False,
False,
False,
False,
False,
False,
False,
False,
False,
False,
False,
False,
False,
False,
False,
False,
False,
False,
False,
False,
False,
False,
False,
False,
False,
False,
False,
False,
False,
False,
False,
False,
False,
False,
False,
False,
False,
False,
False,
False,
False,
False,
False,
False,
True,"File ""dummpy_input_file"", line 9, in test_node_parent: Name 'r' is not defined [name-error]"
False,
True,"File ""dummpy_input_file"", line 14, in test_node_module: Name 'c' is not defined [name-error]"
False,
False,
False,
False,
False,
False,
False,
False,
False,
False,
False,
True,"File ""dummpy_input_file"", line 8, in test_contains_resource: No attribute 'content' on str [attribute-error]"
False,
False,
False,
False,
False,
False,
False,
False,
False,
False,
False,
False,
False,
False,
False,
False,
False,
False,
False,
False,
False,
False,
False,
False,
False,
False,
False,
False,
False,
False,
False,
False,
False,
False,
True,"File ""dummpy_input_file"", line 20, in check: Name 'request' is not defined [name-error]"
False,
False,
False,
False,
False,
True,"File ""dummpy_input_file"", line 28, in run: No attribute 'title' on Dict[str, str] [attribute-error]"
False,
False,
False,
True,"File ""dummpy_input_file"", line 4, in __init__: No attribute 'option_list' on tuple [attribute-error]"
False,
False,
False,
False,
False,
False,
False,
False,
False,
False,
False,
False,
False,
False,
False,
False,
False,
False,
False,
False,
False,
False,
True,"File ""dummpy_input_file"", line 16, in search: Name 'result' is not defined [name-error]"
False,
False,
False,
False,
False,
False,
False,
False,
False,
False,
False,
False,
False,
False,
False,
False,
False,
False,
False,
False,
False,
False,
False,
False,
False,
False,
False,
False,
True,"File ""dummpy_input_file"", line 28, in finish_multilingual_class: unsupported operand type(s) for item assignment: tuple [unsupported-operands]"
False,
False,
False,
False,
False,
False,
False,
False,
False,
False,
False,
False,
False,
False,
False,
False,
False,
False,
False,
False,
False,
False,
False,
False,
False,
False,
False,
False,
False,
True,"File ""dummpy_input_file"", line 8, in get_dates: Function bytes.split was called with the wrong arguments [wrong-arg-types]"
False,
True,"File ""dummpy_input_file"", line 12, in get_dates: Name 'commits' is not defined [name-error]"
False,
False,
False,
True,"File ""dummpy_input_file"", line 10, in prompt_for_credentials: No attribute 'url' on Dict[str, str] [attribute-error]"
False,
False,
False,
False,
False,
False,
False,
True,"File ""dummpy_input_file"", line 12, in test_get_resource_from_relative_deploy_path: No attribute 'content' on str [attribute-error]"
False,
False,
False,
False,
False,
False,
False,
True,"File ""dummpy_input_file"", line 12, in setup_class: Name 'config' is not defined [name-error]"
False,
False,
False,
False,
False,
False,
False,
False,
False,
True,"File ""dummpy_input_file"", line 6, in test_is_media: Name 's' is not defined [name-error]"
False,
False,
False,
False,
False,
False,
False,
True,"File ""dummpy_input_file"", line 4, in __init__: Name 'message' is not defined [name-error]"
False,
False,
False,
False,
False,
False,
False,
True,"File ""dummpy_input_file"", line 5, in quote: Name 'quoted' is not defined [name-error]"
False,
True,"File ""dummpy_input_file"", line 7, in feed: Name 'order' is not defined [name-error]"
False,
True,"File ""dummpy_input_file"", line 9, in get_order: unsupported operand type(s) for item retrieval: 'charLen: int' and '0: int' [unsupported-operands]"
False,
False,
False,
False,
False,
True,"File ""dummpy_input_file"", line 11, in get_oauth_params: No attribute 'verifier' on List[Tuple[str, Any]] [attribute-error]"
False,
False,
False,
False,
False,
False,
False,
False,
False,
False,
False,
False,
False,
False,
False,
False,
True,"File ""dummpy_input_file"", line 33, in validate_ml_unique: No attribute 'instance' on list [attribute-error]"
False,
False,
False,
False,
False,
False,
False,
True,"File ""dummpy_input_file"", line 14, in get_form: Name 'field' is not defined [name-error]"
False,
False,
False,
False,
False,
False,
False,
False,
False,
False,
False,
False,
False,
False,
False,
False,
False,
False,
False,
False,
False,
False,
False,
False,
False,
False,
False,
False,
False,
True,"File ""dummpy_input_file"", line 9, in do_svn: Name 'err' is not defined [name-error]"
False,
False,
False,
False,
False,
False,
False,
False,
False,
False,
False,
False,
False,
False,
False,
True,"File ""dummpy_input_file"", line 22, in __init__: Can't assign attribute 'skt' on Tuple[Any, Any] [not-writable]"
False,
False,
False,
False,
False,
False,
False,
False,
False,
False,
False,
False,
False,
False,
False,
False,
False,
False,
False,
True,"File ""dummpy_input_file"", line 3, in __call__: No attribute 'is_fn' on tuple [attribute-error]"
False,
False,
False,
True,"File ""dummpy_input_file"", line 15, in test_pyc: Name 'mod' is not defined [name-error]"
False,
False,
False,
False,
False,
False,
False,
False,
False,
False,
False,
False,
False,
False,
False,
False,
False,
False,
True,"File ""dummpy_input_file"", line 10, in test_date_handling: No attribute 'assertTrue' on Type[datetime.datetime] [attribute-error]"
False,
False,
False,
False,
False,
True,"File ""dummpy_input_file"", line 4, in unexpected_value: Name 'msg' is not defined [name-error]"
False,
False,
False,
False,
False,
False,
False,
True,"File ""dummpy_input_file"", line 6, in try_match: Name 'm' is not defined [name-error]"
False,
True,"File ""dummpy_input_file"", line 52, in simple_html_to_html: Name 'html_attr' is not defined [name-error]"
False,
False,
False,
False,
False,
False,
False,
False,
False,
False,
False,
False,
False,
False,
False,
True,"File ""dummpy_input_file"", line 32, in search: Name 'wdict_choices' is not defined [name-error]"
False,
False,
False,
False,
False,
False,
False,
False,
False,
False,
False,
False,
False,
False,
False,
True,"File ""dummpy_input_file"", line 6, in get_datasets: Function str.endswith was called with the wrong arguments [wrong-arg-types]"
False,
False,
False,
False,
False,
False,
False,
False,
False,
False,
False,
False,
False,
False,
False,
False,
False,
False,
False,
True,"File ""dummpy_input_file"", line 37, in dehydrate: Name 'm2m_bundle' is not defined [name-error]"
False,
False,
False,
False,
False,
False,
False,
False,
False,
False,
False,
False,
False,
False,
False,
False,
False,
False,
False,
True,"File ""dummpy_input_file"", line 23, in thumbnail: Name 'image' is not defined [name-error]"
False,
False,
False,
False,
False,
False,
True,"File ""dummpy_input_file"", line 12, in get_queryset: Name '_queryset' is not defined [name-error]"
False,
True,"File ""dummpy_input_file"", line 7, in save_new: No attribute '_pk_field' on dict [attribute-error]"
False,
False,
False,
False,
False,
False,
False,
False,
False,
True,"File ""dummpy_input_file"", line 6, in quote_xml: Name 's1' is not defined [name-error]"
False,
False,
False,
False,
False,
True,"File ""dummpy_input_file"", line 7, in get_all_text_: No attribute 'tail' on str [attribute-error]"
False,
False,
False,
False,
False,
False,
False,
False,
False,
False,
False,
False,
False,
False,
False,
False,
False,
False,
False,
False,
False,
False,
False,
False,
False,
False,
False,
False,
False,
False,
False,
False,
False,
False,
False,
False,
False,
False,
False,
False,
False,
False,
False,
False,
False,
False,
False,
False,
False,
False,
False,
False,
False,
False,
False,
False,
False,
True,"File ""dummpy_input_file"", line 5, in flush: Name 'shell' is not defined [name-error]"
False,
False,
False,
False,
False,
True,"File ""dummpy_input_file"", line 21, in _extract_traceback: Name 'line' is not defined [name-error]"
False,
False,
False,
False,
False,
True,"File ""dummpy_input_file"", line 4, in complete: Name 'shell' is not defined [name-error]"
False,
False,
False,
False,
False,
True,"File ""dummpy_input_file"", line 4, in filter: Name 'code_point' is not defined [name-error]"
False,
False,
False,
False,
False,
False,
False,
True,"File ""dummpy_input_file"", line 5, in get_assigned_var: Name 'm' is not defined [name-error]"
False,
False,
False,
False,
False,
True,"File ""dummpy_input_file"", line 37, in eval_code: Name 'row_offset' is not defined [name-error]"
False,
False,
False,
True,"File ""dummpy_input_file"", line 32, in run: No attribute 'end' on int [attribute-error]"
False,
False,
False,
False,
False,
False,
False,
False,
False,
True,"File ""dummpy_input_file"", line 7, in redraw_view: No attribute 'set_viewport_position' on Tuple[Any, Any] [attribute-error]"
False,
False,
False,
False,
False,
False,
False,
False,
False,
False,
False,
False,
False,
False,
False,
False,
False,
False,
False,
True,"File ""dummpy_input_file"", line 7, in tudou_download_by_id: Name 'iid' is not defined [name-error]"
False,
True,"File ""dummpy_input_file"", line 13, in tudou_download: Name 'title' is not defined [name-error]"
False,
True,"File ""dummpy_input_file"", line 14, in parse_playlist: Name 'html' is not defined [name-error]"
False,
False,
False,
False,
False,
False,
False,
False,
False,
False,
False,
False,
False,
False,
False,
False,
False,
True,"File ""dummpy_input_file"", line 15, in _resubscribe: No attribute '_resubscribe' on Dict[str, Any] [attribute-error]"
False,
False,
False,
False,
False,
False,
False,
False,
False,
False,
False,
False,
False,
False,
False,
False,
False,
False,
False,
False,
False,
False,
False,
False,
False,
False,
False,
False,
False,
False,
False,
False,
False,
False,
False,
False,
False,
False,
False,
False,
False,
False,
False,
False,
False,
False,
False,
False,
False,
False,
True,"File ""dummpy_input_file"", line 5, in __saveMapping: Name 'r' is not defined [name-error]"
False,
False,
False,
False,
False,
False,
False,
False,
False,
False,
False,
False,
False,
True,"File ""dummpy_input_file"", line 4, in write: Name 'stream' is not defined [name-error]"
False,
False,
False,
True,"File ""dummpy_input_file"", line 16, in write: Name 'e' is not defined [name-error]"
False,
False,
False,
False,
False,
False,
False,
False,
False,
False,
False,
False,
False,
False,
False,
False,
False,
False,
False,
False,
False,
False,
False,
True,"File ""dummpy_input_file"", line 10, in __executeLines: unsupported operand type(s) for item retrieval: 'fullline: bool' and 'slice(None, -1, None): slice' [unsupported-operands]"
False,
True,"File ""dummpy_input_file"", line 19, in __executeCommand: Can't assign attribute 'more' on str [not-writable]"
False,
False,
False,
False,
False,
False,
False,
False,
False,
False,
False,
False,
False,
False,
False,
True,"File ""dummpy_input_file"", line 11, in children_recursive: No attribute 'popleft' on Set[nothing] [attribute-error]"
False,
False,
False,
True,"File ""dummpy_input_file"", line 23, in name_status_gen: Name 'path' is not defined [name-error]"
False,
False,
False,
True,"File ""dummpy_input_file"", line 29, in find_python: No attribute 'hwaf_declare_runtime_env' on None [attribute-error]"
False,
False,
False,
False,
False,
False,
False,
False,
False,
False,
False,
False,
False,
False,
False,
False,
False,
False,
False,
False,
False,
False,
False,
False,
False,
False,
False,
False,
False,
False,
False,
False,
False,
False,
False,
False,
False,
False,
True,"File ""dummpy_input_file"", line 7, in run: Name 'model' is not defined [name-error]"
False,
False,
False,
True,"File ""dummpy_input_file"", line 6, in __call__: Name 'W_values' is not defined [name-error]"
False,
False,
False,
False,
False,
False,
False,
False,
False,
False,
False,
False,
False,
True,"File ""dummpy_input_file"", line 4, in build_log: Name 'log' is not defined [name-error]"
False,
True,"File ""dummpy_input_file"", line 19, in build_dataset: No attribute 'state' on None [attribute-error]"
False,
False,
False,
True,"File ""dummpy_input_file"", line 5, in build_learning_rule: Name 'learning_rule' is not defined [name-error]"
False,
False,
False,
False,
False,
False,
False,
False,
False,
False,
False,
False,
False,
False,
False,
False,
False,
False,
False,
False,
False,
False,
False,
False,
False,
False,
False,
False,
False,
False,
False,
False,
False,
False,
False,
False,
False,
False,
False,
False,
False,
False,
False,
False,
False,
False,
False,
False,
False,
False,
False,
False,
False,
False,
False,
False,
False,
False,
False,
False,
False,
False,
False,
False,
False,
False,
False,
False,
False,
False,
False,
False,
False,
False,
False,
False,
False,
False,
False,
False,
False,
False,
False,
False,
False,
False,
False,
True,"File ""dummpy_input_file"", line 12, in request: Name 'url' is not defined [name-error]"
False,
False,
False,
False,
False,
False,
False,
False,
False,
False,
False,
True,"File ""dummpy_input_file"", line 6, in parse_error: No attribute 'body' on List[nothing] [attribute-error]"
False,
True,"File ""dummpy_input_file"", line 9, in _to_node: Name 'n' is not defined [name-error]"
False,
True,"File ""dummpy_input_file"", line 3, in list_nodes: No attribute 'connection' on Dict[str, str] [attribute-error]"
False,
False,
False,
False,
False,
True,"File ""dummpy_input_file"", line 4, in server_delete: Name 'params' is not defined [name-error]"
False,
False,
False,
False,
False,
False,
False,
False,
False,
False,
False,
False,
False,
False,
False,
False,
False,
True,"File ""dummpy_input_file"", line 6, in is_brand_of: Name 'companies' is not defined [name-error]"
False,
True,"File ""dummpy_input_file"", line 9, in reader: Name 'txt' is not defined [name-error]"
False,
False,
False,
False,
False,
True,"File ""dummpy_input_file"", line 3, in build_database: Name 'save_to_database' is not defined [name-error]"
False,
False,
False,
False,
False,
False,
False,
True,"File ""dummpy_input_file"", line 5, in build_model: Name 'f1' is not defined [name-error]"
False,
False,
False,
False,
False,
False,
False,
False,
False,
False,
False,
False,
False,
False,
False,
False,
False,
False,
False,
False,
False,
False,
False,
False,
False,
False,
False,
False,
False,
False,
False,
False,
False,
False,
False,
True,"File ""dummpy_input_file"", line 12, in set_Xy: Name 'valid_X' is not defined [name-error]"
False,
False,
False,
False,
False,
False,
False,
False,
False,
False,
False,
False,
False,
False,
False,
False,
False,
False,
False,
False,
False,
False,
False,
False,
False,
False,
False,
False,
False,
False,
False,
True,"File ""dummpy_input_file"", line 4, in gfycat_urls: Name 'info' is not defined [name-error]"
False,
False,
False,
False,
False,
False,
False,
False,
False,
True,"File ""dummpy_input_file"", line 6, in previously_commented: Name 'flat_comments' is not defined [name-error]"
False,
False,
False,
False,
False,
False,
False,
False,
True,"File ""dummpy_input_file"", line 4, in boom: Name 'html' is not defined [name-error]"
False,
True,"File ""dummpy_input_file"", line 27, in render: Name 'template' is not defined [name-error]"
False,
False,
False,
False,
False,
False,
False,
False,
False,
False,
False,
False,
False,
False,
False,
False,
False,
False,
False,
False,
False,
False,
False,
False,
False,
False,
False,
False,
False,
False,
False,
False,
False,
False,
False,
False,
False,
False,
False,
False,
False,
False,
False,
True,"File ""dummpy_input_file"", line 7, in exportChildren: Name 'argument_' is not defined [name-error]"
False,
False,
False,
False,
False,
False,
False,
False,
False,
False,
False,
False,
False,
False,
False,
False,
False,
False,
False,
False,
False,
False,
False,
False,
False,
False,
False,
True,"File ""dummpy_input_file"", line 11, in get_deepattr: Name 'obj' is not defined [name-error]"
False,
False,
False,
False,
False,
False,
False,
False,
False,
False,
False,
False,
False,
False,
False,
False,
False,
False,
False,
False,
False,
False,
False,
False,
False,
False,
False,
False,
False,
False,
False,
False,
False,
False,
False,
False,
False,
True,"File ""dummpy_input_file"", line 4, in create_node: No attribute 'connection' on Dict[str, Any] [attribute-error]"
False,
False,
False,
False,
False,
True,"File ""dummpy_input_file"", line 13, in parse_body: Name 'js' is not defined [name-error]"
False,
False,
False,
False,
False,
False,
False,
False,
False,
True,"File ""dummpy_input_file"", line 5, in _to_node: Name 'n' is not defined [name-error]"
False,
False,
False,
False,
False,
False,
False,
False,
False,
False,
False,
False,
False,
False,
False,
False,
False,
False,
False,
False,
False,
False,
False,
False,
False,
False,
False,
False,
True,"File ""dummpy_input_file"", line 34, in buildChildren: Name 'manufacturer_' is not defined [name-error]"
False,
False,
False,
False,
False,
False,
False,
False,
False,
False,
False,
False,
False,
False,
False,
False,
False,
False,
False,
False,
False,
False,
False,
False,
False,
False,
False,
False,
False,
False,
False,
False,
False,
False,
False,
False,
False,
False,
False,
True,"File ""dummpy_input_file"", line 17, in toggleOptions: No attribute 'optionCheck' on str [attribute-error]"
False,
False,
False,
False,
False,
False,
False,
False,
False,
True,"File ""dummpy_input_file"", line 11, in channelPathChanged: Name 'f' is not defined [name-error]"
False,
False,
False,
True,"File ""dummpy_input_file"", line 11, in slotLoad: No attribute 'optionsWidget' on int [attribute-error]"
False,
False,
False,
True,"File ""dummpy_input_file"", line 14, in on_activation: Name 'overlayWidget' is not defined [name-error]"
False,
False,
False,
True,"File ""dummpy_input_file"", line 5, in on_btnOpen_clicked: Name 'fileName' is not defined [name-error]"
False,
True,"File ""dummpy_input_file"", line 4, in on_btnOptions_clicked: Name 'tmp' is not defined [name-error]"
False,
False,
False,
False,
False,
False,
False,
False,
False,
False,
False,
False,
False,
False,
False,
False,
False,
False,
False,
False,
False,
False,
False,
False,
False,
False,
False,
False,
False,
False,
False,
False,
False,
False,
False,
False,
False,
False,
False,
False,
False,
False,
False,
True,"File ""dummpy_input_file"", line 16, in smoothingChanged: No attribute 'value' on List[nothing] [attribute-error]"
False,
False,
False,
False,
False,
False,
False,
False,
False,
False,
False,
False,
False,
False,
False,
False,
False,
False,
False,
False,
False,
False,
False,
False,
False,
False,
False,
False,
False,
True,"File ""dummpy_input_file"", line 5, in changedLabel: Can't assign attribute 'color' on int [not-writable]"
False,
False,
False,
False,
False,
False,
False,
False,
False,
False,
False,
False,
False,
False,
False,
False,
False,
False,
False,
False,
False,
False,
False,
False,
False,
False,
False,
True,"invalid syntax (<unknown>, line 20)"
False,
True,"File ""dummpy_input_file"", line 5, in initDataItemFromArray: Name 'dataItem' is not defined [name-error]"
False,
False,
False,
True,"File ""dummpy_input_file"", line 18, in readHdrImgShape: No attribute 'read' on int [attribute-error]"
False,
False,
False,
False,
False,
False,
False,
True,"File ""dummpy_input_file"", line 8, in getColorTab: No attribute 'color' on int [attribute-error]"
False,
False,
False,
False,
False,
False,
False,
False,
False,
False,
False,
False,
False,
False,
False,
False,
False,
False,
False,
False,
False,
False,
False,
True,"File ""dummpy_input_file"", line 12, in orientationEvent: No attribute 'setDirection' on int [attribute-error]"
False,
False,
False,
False,
False,
False,
False,
False,
False,
False,
False,
False,
False,
False,
False,
False,
False,
False,
False,
True,"File ""dummpy_input_file"", line 3, in sign: Name 'raw' is not defined [name-error]"
False,
False,
False,
False,
False,
False,
False,
True,"File ""dummpy_input_file"", line 8, in test_read: Name 'entity' is not defined [name-error]"
False,
False,
False,
False,
False,
False,
False,
True,"File ""dummpy_input_file"", line 4, in _tb_stack_filter: Name 'who' is not defined [name-error]"
False,
False,
False,
False,
False,
True,"File ""dummpy_input_file"", line 8, in options: No attribute 'add_option' on str [attribute-error]"
False,
False,
False,
True,"File ""dummpy_input_file"", line 4, in find_rt: No attribute 'env' on Dict[str, Any] [attribute-error]"
False,
False,
True,"File ""dummpy_input_file"", line 19, in find_xrootd: No attribute 'check_with' on Dict[str, Any] [attribute-error]"
False,
True,"File ""dummpy_input_file"", line 3, in find_z: No attribute 'load' on Dict[str, Any] [attribute-error]"
False,
False,
False,
True,"File ""dummpy_input_file"", line 6, in count_file: Name 'reader' is not defined [name-error]"
False,
False,
False,
False,
False,
False,
False,
False,
False,
False,
False,
False,
False,
False,
False,
False,
False,
False,
False,
False,
False,
False,
False,
False,
False,
False,
False,
True,"File ""dummpy_input_file"", line 9, in __get_current_line: Name 'text' is not defined [name-error]"
False,
False,
False,
False,
False,
True,"File ""dummpy_input_file"", line 18, in __showCompletions: Name 'comps' is not defined [name-error]"
False,
False,
False,
False,
False,
False,
False,
True,"File ""dummpy_input_file"", line 3, in delete1: Name 'item' is not defined [name-error]"
False,
False,
False,
False,
False,
False,
False,
False,
False,
False,
False,
False,
False,
True,"File ""dummpy_input_file"", line 4, in current_user: Name 'user_dict' is not defined [name-error]"
False,
False,
False,
False,
False,
False,
False,
False,
False,
False,
False,
False,
False,
True,"File ""dummpy_input_file"", line 12, in index: No attribute 'headers' on Dict[str, str] [attribute-error]"
False,
False,
False,
False,
False,
False,
False,
False,
False,
False,
False,
False,
False,
True,"File ""dummpy_input_file"", line 7, in __eq__: No attribute 'color' on bool [attribute-error]"
False,
True,"File ""dummpy_input_file"", line 4, in clone: Name 't' is not defined [name-error]"
False,
False,
False,
False,
False,
False,
False,
False,
False,
False,
False,
False,
False,
False,
False,
False,
False,
False,
False,
False,
False,
False,
False,
False,
False,
False,
False,
False,
False,
False,
False,
False,
False,
False,
False,
False,
False,
False,
False,
False,
False,
False,
False,
False,
False,
False,
False,
False,
False,
False,
False,
False,
False,
False,
False,
False,
False,
False,
False,
True,"File ""dummpy_input_file"", line 10, in test_tree_resumption: Name 'myserver' is not defined [name-error]"
False,
False,
False,
False,
False,
False,
False,
False,
False,
False,
False,
False,
False,
False,
False,
True,"File ""dummpy_input_file"", line 16, in createMapping: unsupported operand type(s) for item assignment: str [unsupported-operands]"
False,
False,
False,
False,
False,
False,
False,
True,"File ""dummpy_input_file"", line 9, in createFakeData: Name 'day' is not defined [name-error]"
False,
True,"File ""dummpy_input_file"", line 9, in __init__: 'datetime' object is not callable [not-callable]"
False,
True,"File ""dummpy_input_file"", line 12, in deletionEvent: No attribute '_data' on int [attribute-error]"
False,
False,
False,
False,
False,
False,
False,
False,
False,
False,
False,
True,"File ""dummpy_input_file"", line 9, in test_tolerant_datestamp_to_datetime: 'datetime' object is not callable [not-callable]"
False,
False,
False,
False,
False,
False,
False,
False,
False,
False,
False,
True,"File ""dummpy_input_file"", line 9, in check_max_num: Name 'error_msg' is not defined [name-error]"
False,
False,
False,
False,
False,
False,
False,
False,
False,
False,
False,
True,"File ""dummpy_input_file"", line 3, in test_badResumptionToken: Name 'xml' is not defined [name-error]"
False,
True,"File ""dummpy_input_file"", line 3, in test_cannotDisseminateFormat: Name 'xml' is not defined [name-error]"
False,
False,
False,
False,
False,
False,
False,
False,
False,
False,
False,
False,
False,
False,
False,
False,
False,
False,
False,
False,
False,
False,
False,
False,
False,
False,
False,
False,
False,
False,
False,
True,"File ""dummpy_input_file"", line 11, in main: No attribute 'interact' on str [attribute-error]"
False,
False,
False,
True,"File ""dummpy_input_file"", line 2, in do_enable: No attribute 'port' on tuple [attribute-error]"
False,
False,
False,
False,
False,
False,
False,
True,"File ""dummpy_input_file"", line 3, in list_nodes: Name 'res' is not defined [name-error]"
False,
True,"File ""dummpy_input_file"", line 3, in list_images: Name 'res' is not defined [name-error]"
False,
False,
False,
False,
False,
True,"File ""dummpy_input_file"", line 5, in create_node: Name 'data' is not defined [name-error]"
False,
True,"File ""dummpy_input_file"", line 20, in get: No attribute 'response' on str [attribute-error]"
False,
False,
False,
True,"File ""dummpy_input_file"", line 4, in post: Name 'serverdomain' is not defined [name-error]"
False,
False,
False,
False,
False,
False,
False,
False,
False,
False,
False,
True,"File ""dummpy_input_file"", line 13, in testserver: No attribute 'serverisdown' on str [attribute-error]"
False,
False,
False,
False,
False,
False,
False,
False,
False,
False,
False,
False,
False,
False,
False,
True,"File ""dummpy_input_file"", line 4, in test_getRecord: Name 'tree' is not defined [name-error]"
False,
False,
False,
False,
False,
True,"File ""dummpy_input_file"", line 4, in test_listMetadataFormats: Name 'tree' is not defined [name-error]"
False,
False,
False,
True,"File ""dummpy_input_file"", line 4, in test_listSets: Name 'tree' is not defined [name-error]"
False,
True,"File ""dummpy_input_file"", line 5, in test_namespaceDeclarations: Name 'xml' is not defined [name-error]"
False,
False,
False,
False,
False,
False,
False,
False,
False,
False,
False,
True,"File ""dummpy_input_file"", line 3, in SetPickable: Name 'props' is not defined [name-error]"
False,
False,
False,
False,
False,
False,
False,
False,
False,
False,
False,
False,
False,
False,
False,
False,
False,
False,
False,
False,
False,
True,"File ""dummpy_input_file"", line 11, in slotAddChannel: No attribute 'connect' on str [attribute-error]"
False,
False,
False,
False,
False,
False,
False,
True,"File ""dummpy_input_file"", line 6, in updateFileSelector: Name 'item' is not defined [name-error]"
False,
False,
False,
False,
False,
False,
False,
False,
False,
False,
False,
True,"File ""dummpy_input_file"", line 3, in on_otherProject: Name 'i' is not defined [name-error]"
False,
False,
False,
False,
False,
True,"invalid syntax (<unknown>, line 2)"
False,
False,
False,
False,
False,
False,
False,
False,
False,
False,
False,
True,"File ""dummpy_input_file"", line 7, in objectsSlow3d: Name 'value' is not defined [name-error]"
False,
False,
False,
False,
False,
False,
False,
False,
False,
False,
False,
False,
False,
False,
False,
False,
False,
False,
False,
False,
False,
True,"File ""dummpy_input_file"", line 13, in setThreadCount: No attribute 'workerPool' on int [attribute-error]"
False,
False,
False,
False,
False,
False,
False,
True,"File ""dummpy_input_file"", line 5, in getColorTab: No attribute 'append' on int [attribute-error]"
False,
False,
False,
False,
False,
False,
False,
True,"File ""dummpy_input_file"", line 4, in recalculateThresholds: No attribute 'append' on int [attribute-error]"
False,
False,
False,
False,
False,
False,
False,
False,
False,
False,
False,
False,
False,
False,
False,
False,
False,
False,
False,
True,"invalid syntax (<unknown>, line 8)"
False,
False,
False,
False,
False,
False,
False,
False,
False,
False,
False,
False,
False,
False,
False,
True,"invalid syntax (<unknown>, line 2)"
False,
False,
False,
False,
False,
False,
False,
False,
False,
True,"invalid syntax (<unknown>, line 7)"
False,
False,
False,
False,
False,
False,
False,
False,
False,
True,"File ""dummpy_input_file"", line 7, in removeLabel: No attribute 'number' on int [attribute-error]"
False,
False,
False,
False,
False,
False,
False,
False,
False,
False,
False,
False,
False,
False,
False,
False,
False,
False,
False,
False,
False,
True,"File ""dummpy_input_file"", line 8, in on_btnReport_clicked: Name 'fileName' is not defined [name-error]"
False,
False,
False,
False,
False,
False,
False,
False,
False,
False,
False,
False,
False,
False,
False,
False,
False,
False,
False,
False,
False,
False,
False,
False,
False,
False,
False,
False,
False,
False,
False,
False,
False,
True,"File ""dummpy_input_file"", line 11, in onItemDoubleClick: Name 'dialog' is not defined [name-error]"
False,
False,
False,
False,
False,
False,
False,
False,
False,
False,
False,
True,"File ""dummpy_input_file"", line 3, in toggleVisible: Name 'state' is not defined [name-error]"
False,
False,
False,
False,
False,
False,
False,
False,
False,
False,
False,
False,
False,
False,
False,
False,
False,
False,
False,
False,
False,
False,
False,
False,
False,
False,
False,
False,
False,
False,
False,
False,
False,
False,
False,
False,
False,
False,
False,
False,
False,
False,
False,
False,
False,
False,
False,
False,
False,
False,
False,
False,
False,
False,
False,
False,
False,
False,
False,
False,
False,
False,
False,
False,
False,
False,
False,
False,
False,
False,
False,
False,
False,
False,
False,
False,
False,
False,
False,
False,
False,
False,
False,
False,
False,
False,
False,
True,"File ""dummpy_input_file"", line 5, in test_compare_no_files_verbose: Name 'result' is not defined [name-error]"
False,
False,
False,
False,
False,
True,"File ""dummpy_input_file"", line 4, in test_verbose: Name 'test' is not defined [name-error]"
False,
False,
False,
False,
False,
True,"File ""dummpy_input_file"", line 5, in test_bogus_min_time: Name 'result' is not defined [name-error]"
False,
False,
False,
False,
False,
True,"File ""dummpy_input_file"", line 5, in test_bogus_sort: Name 'result' is not defined [name-error]"
False,
True,"File ""dummpy_input_file"", line 7, in test_xdist: Name 'result' is not defined [name-error]"
False,
False,
False,
False,
False,
False,
False,
False,
False,
True,"File ""dummpy_input_file"", line 5, in test_disable: Name 'result' is not defined [name-error]"
False,
False,
False,
True,"File ""dummpy_input_file"", line 5, in test_only_benchmarks: Name 'result' is not defined [name-error]"
False,
False,
False,
False,
False,
False,
False,
False,
False,
False,
False,
False,
False,
False,
False,
False,
False,
True,"File ""dummpy_input_file"", line 15, in get_port_attributes: No attribute 'access_group_in' on List[str] [attribute-error]"
False,
True,"File ""dummpy_input_file"", line 31, in do_show: Name 'item' is not defined [name-error]"
False,
True,"File ""dummpy_input_file"", line 9, in get_port_configuration: No attribute 'mode' on List[str] [attribute-error]"
False,
False,
False,
False,
False,
False,
False,
False,
False,
False,
False,
True,"File ""dummpy_input_file"", line 7, in _get_interface_details: Name 'slot_descriptor' is not defined [name-error]"
False,
False,
False,
False,
False,
False,
False,
False,
False,
False,
False,
False,
False,
True,"File ""dummpy_input_file"", line 4, in _is_vlan_id: Name 'number' is not defined [name-error]"
False,
False,
False,
True,"File ""dummpy_input_file"", line 10, in launch: Name 'command_processor' is not defined [name-error]"
False,
False,
False,
False,
False,
False,
False,
False,
False,
False,
False,
False,
False,
False,
False,
False,
False,
False,
False,
False,
False,
False,
False,
False,
False,
False,
False,
False,
False,
False,
False,
False,
False,
False,
False,
False,
False,
False,
False,
False,
False,
False,
False,
False,
False,
False,
False,
False,
False,
False,
True,"File ""dummpy_input_file"", line 4, in exportLiteralAttributes: Name 'name' is not defined [name-error]"
False,
False,
False,
True,"File ""dummpy_input_file"", line 4, in buildAttributes: Name 'value' is not defined [name-error]"
False,
False,
False,
False,
False,
False,
False,
False,
False,
False,
False,
False,
False,
True,"File ""dummpy_input_file"", line 6, in test_WholeModule: Name 'equalOverlays' is not defined [name-error]"
False,
True,"File ""dummpy_input_file"", line 6, in test_WholeModule: Name 'equalOverlays' is not defined [name-error]"
False,
False,
False,
False,
False,
False,
False,
False,
False,
False,
False,
False,
False,
False,
False,
False,
False,
False,
False,
False,
False,
False,
False,
False,
True,"File ""dummpy_input_file"", line 10, in make_filter_args: No attribute 'location_query' on Dict[str, Any] [attribute-error]"
False,
False,
False,
False,
False,
False,
False,
False,
False,
False,
False,
False,
False,
False,
False,
False,
False,
False,
False,
True,"File ""dummpy_input_file"", line 10, in test_retry_call: No attribute 'call_count' on int [attribute-error]"
False,
False,
False,
False,
False,
False,
False,
False,
False,
False,
False,
False,
False,
False,
False,
False,
False,
False,
False,
False,
False,
False,
False,
False,
False,
False,
False,
False,
False,
False,
False,
False,
False,
False,
False,
False,
False,
False,
False,
False,
False,
False,
False,
False,
False,
False,
False,
False,
False,
False,
False,
False,
True,"File ""dummpy_input_file"", line 10, in load: Name 'groups' is not defined [name-error]"
False,
False,
False,
False,
False,
False,
False,
False,
False,
False,
False,
False,
False,
False,
False,
False,
False,
False,
False,
True,"File ""dummpy_input_file"", line 5, in test_max_time_min_rounds: Name 'result' is not defined [name-error]"
False,
False,
False,
False,
False,
False,
False,
False,
False,
True,"File ""dummpy_input_file"", line 5, in test_bad_save_2: Name 'result' is not defined [name-error]"
False,
False,
False,
False,
False,
False,
False,
False,
False,
False,
False,
False,
False,
False,
True,"File ""dummpy_input_file"", line 2, in do_exit: Can't assign attribute 'is_done' on tuple [not-writable]"
False,
True,"File ""dummpy_input_file"", line 6, in do_copy: No attribute 'write' on tuple [attribute-error]"
False,
False,
False,
True,"File ""dummpy_input_file"", line 2, in do_configure: No attribute 'configure_command_processor' on tuple [attribute-error]"
False,
False,
False,
True,"File ""dummpy_input_file"", line 15, in do_no_tagged: No attribute 'write_line' on tuple [attribute-error]"
False,
False,
False,
True,"File ""dummpy_input_file"", line 3, in do_no_router_interface: No attribute 'vlan_id' on tuple [attribute-error]"
False,
True,"File ""dummpy_input_file"", line 3, in do_configure: No attribute 'move_to' on tuple [attribute-error]"
False,
False,
False,
True,"File ""dummpy_input_file"", line 8, in do_ncopy: No attribute 'logger' on Exception [attribute-error]"
False,
True,"File ""dummpy_input_file"", line 2, in do_write: No attribute 'switch_configuration' on tuple [attribute-error]"
False,
False,
False,
False,
False,
False,
False,
False,
False,
True,"File ""dummpy_input_file"", line 9, in show_vlan_int: Name 'vlan' is not defined [name-error]"
False,
False,
False,
False,
False,
False,
False,
False,
False,
False,
False,
False,
False,
False,
False,
False,
False,
False,
False,
False,
False,
False,
False,
False,
False,
False,
False,
False,
False,
False,
False,
False,
False,
False,
False,
False,
False,
False,
False,
False,
False,
False,
False,
False,
False,
True,"File ""dummpy_input_file"", line 10, in clean_optional_decode_key: Name 'decode_key' is not defined [name-error]"
False,
True,"File ""dummpy_input_file"", line 8, in clean_message: Name 'e' is not defined [name-error]"
False,
True,"File ""dummpy_input_file"", line 6, in userscript: Name 'response' is not defined [name-error]"
False,
False,
False,
False,
False,
False,
False,
False,
False,
True,"File ""dummpy_input_file"", line 10, in getStringRegion: No attribute 'a' on int [attribute-error]"
False,
False,
False,
True,"File ""dummpy_input_file"", line 2, in do_disable: No attribute 'port' on tuple [attribute-error]"
False,
True,"File ""dummpy_input_file"", line 2, in do_no_port_name: No attribute 'port' on tuple [attribute-error]"
False,
False,
False,
True,"File ""dummpy_input_file"", line 32, in do_no_ip: Name 'vrrp' is not defined [name-error]"
False,
True,"File ""dummpy_input_file"", line 2, in do_no_channel_group: No attribute 'port' on tuple [attribute-error]"
False,
True,"File ""dummpy_input_file"", line 2, in do_no_description: No attribute 'port' on tuple [attribute-error]"
False,
True,"File ""dummpy_input_file"", line 2, in do_shutdown: No attribute 'port' on tuple [attribute-error]"
False,
True,"File ""dummpy_input_file"", line 2, in do_no_shutdown: No attribute 'port' on tuple [attribute-error]"
False,
False,
False,
False,
False,
False,
False,
False,
False,
False,
False,
False,
False,
False,
False,
False,
False,
True,"File ""dummpy_input_file"", line 8, in update_first_occured_agregates: Name 'row' is not defined [name-error]"
False,
False,
False,
False,
False,
True,"File ""dummpy_input_file"", line 14, in hits_iter: Name 'pages' is not defined [name-error]"
False,
False,
False,
False,
False,
False,
False,
False,
False,
False,
False,
False,
False,
False,
False,
False,
False,
False,
False,
True,"File ""dummpy_input_file"", line 8, in hits_mainpage_total: Name 'html' is not defined [name-error]"
False,
True,"File ""dummpy_input_file"", line 11, in __fix_missing_hash: Name 'composition' is not defined [name-error]"
False,
False,
False,
False,
False,
False,
False,
True,"File ""dummpy_input_file"", line 6, in handle: No attribute 'join' on int [attribute-error]"
False,
False,
False,
False,
False,
True,"File ""dummpy_input_file"", line 11, in get_max_page: Name 'max_page' is not defined [name-error]"
False,
False,
False,
False,
False,
False,
False,
True,"File ""dummpy_input_file"", line 7, in __init__: Can't assign attribute 'data' on Dict[str, Any] [not-writable]"
False,
True,"File ""dummpy_input_file"", line 4, in save: Name 'field' is not defined [name-error]"
False,
False,
False,
False,
False,
False,
False,
False,
False,
True,"File ""dummpy_input_file"", line 15, in get_crawls: Name 'extra_qstr' is not defined [name-error]"
False,
False,
False,
False,
False,
True,"File ""dummpy_input_file"", line 4, in prepare_for_prediction: Name 'num_of_qualifications' is not defined [name-error]"
False,
False,
False,
False,
False,
False,
False,
False,
False,
False,
False,
False,
False,
False,
False,
False,
False,
False,
False,
False,
False,
False,
False,
False,
False,
False,
False,
False,
False,
False,
False,
False,
False,
False,
False,
False,
False,
False,
False,
False,
False,
False,
False,
False,
False,
False,
False,
False,
False,
False,
True,"File ""dummpy_input_file"", line 10, in terminal_echo: unsupported operand type(s) for item retrieval: 'is_windows: bool' and '3: int' [unsupported-operands]"
False,
False,
False,
False,
False,
True,"File ""dummpy_input_file"", line 7, in title: Name 'message' is not defined [name-error]"
False,
False,
False,
False,
False,
False,
False,
False,
False,
False,
False,
False,
False,
False,
False,
False,
False,
False,
False,
False,
False,
False,
False,
False,
False,
False,
False,
True,"File ""dummpy_input_file"", line 27, in optimize: Name 'mp' is not defined [name-error]"
False,
False,
False,
False,
False,
True,"File ""dummpy_input_file"", line 28, in handle: Name 'response' is not defined [name-error]"
False,
False,
False,
True,"File ""dummpy_input_file"", line 6, in topreq_data_hits_available: Name 'start_time' is not defined [name-error]"
False,
True,"File ""dummpy_input_file"", line 6, in topreq_data_hits_posted: Name 'start_time' is not defined [name-error]"
False,
False,
False,
False,
False,
False,
False,
False,
False,
True,"File ""dummpy_input_file"", line 4, in get_available_as_str: No attribute 'display_names' on List[nothing] [attribute-error]"
False,
False,
False,
False,
False,
False,
False,
True,"File ""dummpy_input_file"", line 17, in top_requesters: Name 'ctx' is not defined [name-error]"
False,
False,
False,
False,
False,
False,
False,
False,
False,
False,
False,
False,
False,
False,
False,
False,
False,
True,"File ""dummpy_input_file"", line 11, in do_deletes: No attribute 'do_deletes_simple' on tuple [attribute-error]"
False,
False,
False,
False,
False,
False,
False,
False,
False,
False,
False,
False,
False,
False,
False,
True,"File ""dummpy_input_file"", line 26, in __new__: unsupported operand type(s) for 'in': 'dn: Callable[[Any], Any]' and 'l: Any' [unsupported-operands]"
False,
True,"File ""dummpy_input_file"", line 12, in send_message: Name 'message' is not defined [name-error]"
False,
False,
False,
False,
False,
False,
False,
False,
False,
True,"File ""dummpy_input_file"", line 3, in __repr__: Name 'classname' is not defined [name-error]"
False,
False,
False,
False,
False,
False,
True,"File ""dummpy_input_file"", line 3, in __repr__: Name 'classname' is not defined [name-error]"
False,
False,
False,
False,
False,
True,"File ""dummpy_input_file"", line 9, in validate: Name 'is_invalid_string' is not defined [name-error]"
False,
False,
False,
False,
False,
False,
False,
False,
False,
False,
False,
False,
False,
True,"invalid syntax (<unknown>, line 11)"
False,
False,
False,
False,
True,"File ""dummpy_input_file"", line 5, in iter_parameters: Name 'parameters' is not defined [name-error]"
False,
False,
False,
True,"File ""dummpy_input_file"", line 7, in __init__: Name 'name' is not defined [name-error]"
False,
False,
False,
False,
False,
False,
False,
False,
False,
False,
False,
False,
False,
False,
False,
True,"File ""dummpy_input_file"", line 6, in test_compare: Name 'result' is not defined [name-error]"
False,
False,
False,
False,
False,
False,
False,
False,
False,
True,"File ""dummpy_input_file"", line 6, in test_group_by_name: Name 'test_y' is not defined [name-error]"
False,
True,"File ""dummpy_input_file"", line 7, in test_group_by_func: Name 'result' is not defined [name-error]"
False,
False,
False,
False,
False,
True,"File ""dummpy_input_file"", line 5, in test_group_by_param_select: Name 'result' is not defined [name-error]"
False,
True,"File ""dummpy_input_file"", line 7, in test_group_by_fullname: Name 'result' is not defined [name-error]"
False,
False,
False,
True,"File ""dummpy_input_file"", line 12, in get_config: Name 'config' is not defined [name-error]"
False,
False,
False,
False,
False,
False,
False,
False,
False,
False,
False,
False,
False,
True,"File ""dummpy_input_file"", line 15, in clear_past_results: No attribute 'end' on float [attribute-error]"
False,
False,
False,
True,"File ""dummpy_input_file"", line 5, in _hitgroup_content_to_sorl_dt: Name 'doc' is not defined [name-error]"
False,
False,
False,
False,
False,
False,
False,
False,
False,
False,
False,
False,
False,
False,
False,
False,
False,
False,
False,
False,
False,
False,
False,
False,
False,
False,
False,
False,
False,
False,
False,
False,
False,
False,
False,
False,
False,
False,
False,
False,
False,
False,
False,
False,
False,
False,
False,
True,"File ""dummpy_input_file"", line 19, in _dump_crawl_stats: No attribute 'redis_conn' on Set[nothing] [attribute-error]"
False,
False,
False,
False,
False,
False,
False,
True,"File ""dummpy_input_file"", line 7, in test_process_item: No attribute 'redis_monitor' on str [attribute-error]"
False,
False,
False,
False,
False,
False,
False,
False,
False,
True,"File ""dummpy_input_file"", line 7, in test_fifo_queue: No attribute 'queue' on Dict[str, Union[int, str]] [attribute-error]"
False,
False,
False,
False,
False,
False,
False,
False,
False,
False,
False,
False,
False,
True,"File ""dummpy_input_file"", line 3, in clean_keys: Name 'keys' is not defined [name-error]"
False,
False,
False,
False,
False,
False,
False,
False,
False,
True,"File ""dummpy_input_file"", line 12, in test_roll_generic_counter: No attribute 'value' on int [attribute-error]"
False,
False,
False,
False,
False,
True,"File ""dummpy_input_file"", line 13, in test_hll_counter: Name 'diff' is not defined [name-error]"
False,
False,
False,
False,
False,
False,
False,
False,
False,
False,
False,
False,
False,
False,
False,
False,
False,
False,
False,
False,
False,
False,
False,
False,
False,
False,
False,
False,
False,
True,"File ""dummpy_input_file"", line 4, in owner_archive_view: Name 'context' is not defined [name-error]"
False,
True,"File ""dummpy_input_file"", line 6, in process_page_items: Name 'paginated_page' is not defined [name-error]"
False,
False,
False,
False,
False,
False,
False,
False,
False,
False,
False,
False,
False,
False,
False,
False,
False,
False,
False,
False,
False,
False,
False,
True,"File ""dummpy_input_file"", line 4, in test_no_csv_arg: Name 'arg' is not defined [name-error]"
False,
True,"File ""dummpy_input_file"", line 4, in test_no_template_arg: Name 'arg' is not defined [name-error]"
False,
False,
False,
True,"File ""dummpy_input_file"", line 7, in __iter__: No attribute 'get_value' on Callable[[], Any] [attribute-error]"
False,
False,
False,
True,"File ""dummpy_input_file"", line 4, in invalidate: Name 'cache' is not defined [name-error]"
False,
True,"File ""dummpy_input_file"", line 4, in set_value: Name 'cache_key' is not defined [name-error]"
False,
False,
False,
False,
False,
False,
False,
False,
False,
False,
False,
True,"File ""dummpy_input_file"", line 4, in close: Name 'value' is not defined [name-error]"
False,
False,
False,
False,
False,
False,
False,
False,
False,
False,
False,
False,
False,
False,
False,
False,
False,
False,
False,
False,
False,
False,
False,
False,
False,
False,
False,
False,
False,
False,
False,
False,
False,
False,
False,
False,
False,
False,
False,
False,
False,
False,
True,"File ""dummpy_input_file"", line 20, in throwExceptions: Name 'i' is not defined [name-error]"
False,
False,
False,
False,
False,
False,
False,
False,
False,
False,
False,
False,
False,
False,
False,
False,
False,
True,"File ""dummpy_input_file"", line 11, in _output: Name 'xform' is not defined [name-error]"
False,
True,"File ""dummpy_input_file"", line 12, in main: Name 'args' is not defined [name-error]"
False,
False,
False,
False,
False,
False,
False,
False,
False,
False,
False,
False,
False,
False,
False,
False,
False,
False,
False,
False,
False,
False,
False,
False,
False,
False,
False,
False,
False,
True,"File ""dummpy_input_file"", line 14, in init_docker_client: Name 'kwargs' is not defined [name-error]"
False,
False,
False,
False,
False,
False,
False,
False,
False,
False,
False,
False,
False,
True,"File ""dummpy_input_file"", line 8, in query_to_tuples: Name 'row' is not defined [name-error]"
False,
False,
False,
False,
False,
False,
False,
False,
False,
False,
False,
False,
False,
False,
False,
False,
False,
False,
False,
False,
False,
False,
False,
False,
False,
False,
False,
False,
False,
False,
False,
False,
False,
False,
False,
False,
False,
False,
False,
False,
False,
False,
False,
False,
False,
False,
False,
False,
False,
False,
True,"File ""dummpy_input_file"", line 9, in __get_models: Built-in function __import__ was called with the wrong arguments [wrong-arg-types]"
False,
False,
False,
False,
False,
False,
False,
False,
False,
False,
False,
False,
False,
False,
False,
False,
False,
False,
False,
False,
False,
False,
False,
True,"File ""dummpy_input_file"", line 8, in test_touchMessage: Name 'message' is not defined [name-error]"
False,
True,"File ""dummpy_input_file"", line 7, in test_addSubscribers: No attribute 'add_subscribers' on str [attribute-error]"
False,
True,"File ""dummpy_input_file"", line 5, in test_getMessage: Name 'q' is not defined [name-error]"
False,
True,"File ""dummpy_input_file"", line 9, in test_reserveMessages: unsupported operand type(s) for +: int and str [unsupported-operands]"
False,
False,
False,
True,"File ""dummpy_input_file"", line 14, in test_getMessageTimeout: unsupported operand type(s) for item retrieval: str and str [unsupported-operands]"
False,
False,
False,
False,
False,
False,
False,
False,
False,
False,
False,
False,
False,
False,
False,
False,
False,
True,"File ""dummpy_input_file"", line 8, in _increment_total_stat: Name 'key' is not defined [name-error]"
False,
False,
False,
False,
False,
False,
False,
False,
False,
False,
False,
False,
False,
False,
False,
False,
False,
True,"File ""dummpy_input_file"", line 10, in _main_loop: No attribute '_process_plugin' on int [attribute-error]"
False,
False,
False,
False,
False,
True,"File ""dummpy_input_file"", line 12, in _setup_stats_total: No attribute 'settings' on str [attribute-error]"
False,
False,
False,
True,"File ""dummpy_input_file"", line 11, in create_logger: No attribute 'addHandler' on logging.Formatter [attribute-error]"
False,
False,
False,
False,
False,
False,
False,
False,
False,
True,"File ""dummpy_input_file"", line 7, in test_reshape_layer: Name 'y' is not defined [name-error]"
False,
False,
False,
False,
False,
False,
False,
False,
False,
False,
False,
False,
False,
False,
False,
False,
False,
False,
False,
False,
False,
False,
False,
False,
False,
True,"File ""dummpy_input_file"", line 6, in test_golden_search_exceptions: No attribute 'assertRaises' on Dict[str, int] [attribute-error]"
False,
False,
False,
True,"File ""dummpy_input_file"", line 12, in test_simple_hinton: Name 'fig' is not defined [name-error]"
False,
False,
False,
False,
False,
False,
False,
False,
False,
False,
False,
False,
False,
False,
False,
False,
False,
False,
False,
False,
False,
False,
False,
False,
False,
True,"File ""dummpy_input_file"", line 6, in test_predict_different_inputs: Name 'inet' is not defined [name-error]"
False,
False,
False,
False,
False,
False,
False,
False,
False,
False,
False,
False,
False,
False,
False,
False,
False,
False,
False,
False,
False,
False,
False,
False,
False,
True,"File ""dummpy_input_file"", line 23, in test_with_step_minimization_alg: Name 'network_layers' is not defined [name-error]"
False,
False,
False,
False,
False,
False,
False,
False,
False,
False,
False,
False,
False,
False,
False,
False,
False,
False,
False,
False,
False,
False,
False,
False,
False,
False,
False,
False,
True,"File ""dummpy_input_file"", line 6, in get_containers: Name 'template' is not defined [name-error]"
False,
False,
False,
False,
False,
False,
False,
False,
False,
False,
False,
False,
False,
False,
False,
False,
False,
False,
False,
False,
False,
False,
False,
True,"File ""dummpy_input_file"", line 6, in test_convolution: No attribute 'weight' on Tuple[int, int, int, int] [attribute-error]"
False,
False,
False,
False,
False,
False,
False,
False,
False,
False,
False,
False,
False,
False,
False,
False,
False,
True,"File ""dummpy_input_file"", line 4, in __init__: Can't assign attribute 'classes' on Dict[str, Any] [not-writable]"
False,
False,
False,
False,
False,
False,
False,
False,
False,
False,
False,
False,
False,
False,
False,
False,
False,
False,
False,
True,"File ""dummpy_input_file"", line 4, in it_redirects_when_text_is_provided: Name 'response' is not defined [name-error]"
False,
False,
False,
False,
False,
True,"File ""dummpy_input_file"", line 4, in it_returns_an_error: Name 'response' is not defined [name-error]"
False,
False,
False,
False,
False,
False,
False,
False,
False,
True,"File ""dummpy_input_file"", line 2, in test_issue_1: No attribute 'issue1' on Dict[str, Any] [attribute-error]"
False,
False,
False,
False,
False,
False,
False,
False,
False,
False,
False,
False,
False,
False,
False,
False,
False,
False,
False,
False,
False,
False,
False,
False,
False,
False,
False,
False,
False,
False,
False,
False,
False,
False,
False,
False,
False,
False,
False,
False,
True,"File ""dummpy_input_file"", line 7, in inner: No attribute 'user' on tuple [attribute-error]"
False,
False,
False,
False,
False,
False,
False,
False,
False,
False,
False,
False,
False,
False,
False,
False,
False,
False,
False,
False,
False,
False,
False,
True,"File ""dummpy_input_file"", line 9, in output: Name 'mask' is not defined [name-error]"
False,
False,
False,
False,
False,
False,
False,
False,
False,
False,
False,
False,
False,
True,"File ""dummpy_input_file"", line 8, in validate_template: Name 'parser' is not defined [name-error]"
False,
False,
False,
False,
False,
False,
False,
False,
False,
False,
False,
False,
False,
False,
True,"File ""dummpy_input_file"", line 6, in fix_init_kwarg: unsupported operand type(s) for item assignment: str [unsupported-operands]"
False,
False,
False,
False,
False,
False,
False,
False,
False,
False,
True,"File ""dummpy_input_file"", line 8, in _get_choices: Can't assign attribute '_choices' on Iterator [not-writable]"
False,
False,
False,
False,
False,
False,
False,
False,
False,
False,
False,
False,
False,
False,
False,
False,
False,
False,
False,
False,
False,
False,
False,
False,
False,
False,
False,
True,"File ""dummpy_input_file"", line 7, in do_root_password: Name 'server' is not defined [name-error]"
False,
False,
False,
False,
False,
False,
False,
False,
False,
False,
False,
False,
False,
False,
False,
False,
False,
False,
False,
False,
False,
False,
False,
False,
False,
False,
False,
False,
False,
False,
False,
True,"File ""dummpy_input_file"", line 9, in test_load_plugins: No attribute 'kafka_monitor' on List[int] [attribute-error]"
False,
False,
False,
False,
False,
False,
False,
False,
False,
False,
False,
False,
False,
False,
False,
False,
False,
False,
False,
False,
False,
False,
False,
False,
False,
False,
False,
False,
True,"File ""dummpy_input_file"", line 4, in do_ip_unshare: Name 'server' is not defined [name-error]"
False,
False,
False,
False,
False,
False,
False,
False,
False,
False,
False,
False,
False,
False,
False,
False,
False,
False,
False,
False,
False,
False,
False,
False,
False,
False,
False,
False,
False,
False,
False,
False,
True,"File ""dummpy_input_file"", line 4, in it_returns_all_aliases: Name 'response' is not defined [name-error]"
False,
False,
False,
True,"File ""dummpy_input_file"", line 4, in with_single_match: Name 'response' is not defined [name-error]"
False,
True,"File ""dummpy_input_file"", line 4, in with_many_matches: Name 'response' is not defined [name-error]"
False,
False,
False,
False,
False,
True,"File ""dummpy_input_file"", line 12, in basic: No attribute 'mimetype' on str [attribute-error]"
False,
False,
False,
True,"File ""dummpy_input_file"", line 6, in with_lots_of_text: No attribute 'mimetype' on str [attribute-error]"
False,
False,
False,
False,
False,
True,"File ""dummpy_input_file"", line 4, in it_redirects_to_lose_alt_when_default_style: Name 'response' is not defined [name-error]"
False,
False,
False,
False,
False,
True,"File ""dummpy_input_file"", line 6, in when_url: Name 'response' is not defined [name-error]"
False,
True,"File ""dummpy_input_file"", line 4, in it_returns_an_error_with_non_image_urls: No attribute 'get' on str [attribute-error]"
False,
False,
False,
False,
False,
False,
False,
True,"File ""dummpy_input_file"", line 9, in when_missing: Name 'response' is not defined [name-error]"
False,
False,
False,
False,
False,
False,
False,
False,
False,
False,
False,
False,
False,
False,
False,
False,
False,
False,
False,
False,
False,
False,
False,
False,
False,
True,"File ""dummpy_input_file"", line 7, in get_without_text: Name 'template' is not defined [name-error]"
False,
False,
False,
False,
False,
False,
False,
False,
False,
True,"File ""dummpy_input_file"", line 6, in get_without_text: Name 'template' is not defined [name-error]"
False,
False,
False,
True,"File ""dummpy_input_file"", line 6, in get_encoded: Name 'path' is not defined [name-error]"
False,
True,"File ""dummpy_input_file"", line 10, in links: Name 'text' is not defined [name-error]"
False,
False,
False,
False,
False,
False,
False,
False,
False,
False,
False,
False,
False,
False,
False,
False,
False,
False,
False,
False,
False,
False,
False,
False,
False,
False,
False,
False,
False,
False,
False,
False,
False,
False,
False,
False,
False,
False,
False,
False,
False,
False,
False,
False,
False,
False,
False,
False,
False,
False,
False,
False,
False,
False,
False,
False,
False,
False,
False,
False,
False,
False,
False,
False,
False,
False,
False,
False,
False,
False,
False,
False,
False,
False,
False,
False,
False,
False,
False,
False,
False,
False,
False,
False,
False,
False,
False,
False,
False,
True,"File ""dummpy_input_file"", line 3, in __init__: Can't assign attribute 'verbosity' on Dict[str, Any] [not-writable]"
False,
False,
False,
False,
False,
False,
False,
False,
False,
False,
False,
False,
False,
False,
False,
False,
False,
False,
False,
False,
False,
False,
False,
False,
False,
False,
False,
False,
False,
False,
False,
False,
False,
False,
False,
False,
False,
False,
False,
False,
False,
False,
False,
True,"File ""dummpy_input_file"", line 2, in get_servers_1234_ips: No attribute 'get_servers_1234' on Dict[str, Any] [attribute-error]"
False,
True,"File ""dummpy_input_file"", line 2, in get_flavors_1: No attribute 'get_flavors_detail' on Dict[str, Any] [attribute-error]"
False,
True,"File ""dummpy_input_file"", line 2, in get_images_1: No attribute 'get_images_detail' on Dict[str, Any] [attribute-error]"
False,
False,
False,
False,
False,
False,
False,
False,
False,
False,
False,
False,
False,
False,
False,
False,
False,
False,
False,
False,
False,
False,
False,
False,
True,"File ""dummpy_input_file"", line 19, in __init__: No attribute 'startswith' on argparse._SubParsersAction[argparse.ArgumentParser] [attribute-error]"
False,
False,
False,
False,
False,
False,
False,
True,"File ""dummpy_input_file"", line 4, in do_backup_schedule_delete: Name 'server' is not defined [name-error]"
False,
False,
False,
False,
False,
False,
False,
False,
False,
False,
False,
False,
True,"File ""dummpy_input_file"", line 13, in _matches_any: Name '_' is not defined [name-error]"
False,
False,
False,
False,
False,
False,
False,
False,
False,
False,
False,
False,
False,
False,
False,
False,
False,
False,
False,
True,"File ""dummpy_input_file"", line 5, in _match_negated: Name 'result' is not defined [name-error]"
False,
True,"File ""dummpy_input_file"", line 3, in __init__: Can't assign attribute '_expected' on Dict[str, Any] [not-writable]"
False,
False,
False,
False,
False,
False,
False,
False,
False,
False,
False,
False,
False,
False,
False,
False,
False,
False,
False,
False,
False,
False,
False,
False,
False,
False,
False,
False,
True,"File ""dummpy_input_file"", line 4, in get_orders: Name 'endpoint' is not defined [name-error]"
False,
True,"File ""dummpy_input_file"", line 4, in create_order: No attribute 'request' on str [attribute-error]"
False,
False,
False,
False,
False,
False,
False,
False,
True,"File ""dummpy_input_file"", line 4, in get_trade: No attribute 'request' on str [attribute-error]"
False,
False,
False,
False,
False,
True,"File ""dummpy_input_file"", line 4, in get_positions: No attribute 'request' on Dict[str, Any] [attribute-error]"
False,
False,
True,"File ""dummpy_input_file"", line 4, in close_position: Name 'endpoint' is not defined [name-error]"
False,
False,
False,
False,
True,"File ""dummpy_input_file"", line 4, in get_eco_calendar: No attribute 'request' on Dict[str, Any] [attribute-error]"
False,
True,"File ""dummpy_input_file"", line 4, in get_historical_position_ratios: No attribute 'request' on Dict[str, Any] [attribute-error]"
False,
False,
False,
False,
False,
False,
False,
False,
False,
False,
False,
False,
True,"File ""dummpy_input_file"", line 4, in when_aliased_template: Name 'response' is not defined [name-error]"
False,
False,
False,
False,
False,
False,
False,
False,
False,
False,
False,
False,
False,
False,
False,
False,
False,
False,
False,
False,
False,
True,"File ""dummpy_input_file"", line 6, in it_redirects_when_shortened: Name 'response' is not defined [name-error]"
False,
False,
False,
False,
False,
True,"File ""dummpy_input_file"", line 6, in even_when_no_match: Name 'response' is not defined [name-error]"
False,
False,
False,
False,
False,
True,"File ""dummpy_input_file"", line 4, in when_default_text: Name 'response' is not defined [name-error]"
False,
False,
False,
False,
False,
False,
False,
False,
False,
False,
False,
False,
False,
True,"File ""dummpy_input_file"", line 11, in parse_port_mapping: Name 'ip' is not defined [name-error]"
False,
False,
False,
False,
False,
False,
False,
False,
False,
False,
False,
False,
False,
False,
False,
False,
False,
False,
False,
False,
False,
False,
False,
False,
False,
False,
False,
False,
False,
False,
False,
False,
False,
False,
False,
False,
False,
False,
False,
False,
True,"File ""dummpy_input_file"", line 3, in test_json: No attribute 'json' on Dict[str, Any] [attribute-error]"
False,
False,
False,
True,"File ""dummpy_input_file"", line 3, in test_yaml: No attribute 'yaml' on Dict[str, Any] [attribute-error]"
False,
False,
False,
False,
False,
False,
False,
False,
True,"File ""dummpy_input_file"", line 12, in add_args: Name 'pull_args' is not defined [name-error]"
False,
False,
False,
False,
False,
False,
False,
False,
False,
True,"File ""dummpy_input_file"", line 13, in __init__: Can't assign attribute 'images' on Dict[str, Any] [not-writable]"
False,
False,
False,
False,
False,
False,
False,
False,
False,
False,
False,
False,
False,
False,
False,
False,
False,
False,
False,
False,
False,
True,"File ""dummpy_input_file"", line 6, in parse_volume: Name 'hp' is not defined [name-error]"
False,
False,
False,
False,
False,
False,
False,
False,
False,
False,
False,
False,
False,
False,
False,
False,
False,
False,
False,
False,
False,
False,
False,
False,
False,
False,
False,
False,
False,
False,
False,
False,
False,
False,
False,
False,
False,
False,
False,
False,
False,
False,
False,
False,
False,
False,
False,
False,
False,
False,
False,
False,
False,
False,
False,
False,
False,
True,"File ""dummpy_input_file"", line 9, in __init_request: No attribute 'add_header' on bytes [attribute-error]
File ""dummpy_input_file"", line 9, in __init_request: unsupported operand type(s) for +: str and bytes [unsupported-operands]"
False,
False,
False,
False,
False,
True,"File ""dummpy_input_file"", line 3, in __init__: Can't assign attribute '_sleep' on tuple [not-writable]"
False,
False,
False,
False,
False,
False,
False,
False,
False,
False,
False,
False,
False,
False,
False,
False,
False,
False,
True,"File ""dummpy_input_file"", line 3, in __delitem__: Name 'return_val' is not defined [name-error]"
False,
False,
False,
False,
False,
False,
False,
True,"File ""dummpy_input_file"", line 6, in plot_audio: Name 'rate' is not defined [name-error]"
False,
False,
False,
False,
False,
False,
False,
False,
False,
False,
False,
False,
False,
False,
False,
False,
False,
False,
False,
False,
False,
False,
False,
False,
False,
False,
False,
False,
False,
False,
False,
True,"File ""dummpy_input_file"", line 4, in requests_query: Name 'q' is not defined [name-error]"
False,
False,
False,
False,
False,
False,
False,
True,"File ""dummpy_input_file"", line 6, in lap_timer: Can't assign attribute 'laptime' on float [not-writable]"
False,
False,
False,
True,"File ""dummpy_input_file"", line 4, in query_pending_desired_results: Name 'q' is not defined [name-error]"
False,
False,
False,
False,
False,
False,
False,
False,
False,
False,
False,
False,
False,
True,"File ""dummpy_input_file"", line 4, in file_hash: Function hashlib.sha256 was called with the wrong arguments [wrong-arg-types]"
False,
True,"File ""dummpy_input_file"", line 9, in manipulator: Name 'msg' is not defined [name-error]"
False,
False,
False,
False,
False,
False,
True,"File ""dummpy_input_file"", line 7, in run: Name 'bld' is not defined [name-error]"
False,
False,
False,
True,"File ""dummpy_input_file"", line 14, in RunParser: No attribute 'tar' on argparse.ArgumentParser [attribute-error]"
False,
True,"File ""dummpy_input_file"", line 7, in CreateArchive: No attribute '__iter__' on zipfile.ZipFile [attribute-error]"
False,
False,
False,
False,
False,
False,
False,
True,"File ""dummpy_input_file"", line 4, in median: Name 'a' is not defined [name-error]"
False,
False,
False,
False,
False,
False,
False,
True,"File ""dummpy_input_file"", line 5, in hash_args: unsupported operand type(s) for item assignment: str [unsupported-operands]"
False,
False,
False,
False,
False,
False,
False,
False,
False,
False,
False,
True,"File ""dummpy_input_file"", line 13, in send_mail: Name 'tb' is not defined [name-error]"
False,
False,
False,
False,
False,
False,
False,
False,
False,
False,
False,
False,
False,
False,
False,
False,
False,
False,
False,
False,
False,
False,
False,
False,
False,
False,
False,
False,
False,
False,
False,
False,
False,
False,
False,
False,
False,
False,
False,
False,
False,
False,
False,
False,
